,symboling,doornumber,wheelbase,carlength,carwidth,carheight,cylindernumber,enginesize,boreratio,stroke,compressionratio,horsepower,citympg,highwaympg,normalized_peakrpm,normalized_curbweight,label_fueltype,label_aspiration,fwd,rwd,4wd,dohc,dohcv,l,ohc,ohcv,rotor,1bbl,2bbl,4bbl,idi,mpfi,spdi,spfi,alfa,audi,bmw,buick,chevrolet,dodge,honda,isuzu,jaguar,maxda,mazda,mercury,mitsubishi,nissan,peugeot,plymouth,porsche,renault,saab,subaru,toyota,volkswagen,volvo
0,3,2,88.6,168.8,64.1,48.8,4,130,3.47,2.68,9.0,111,21,27,0.26231806562901944,0.014530711188278764,1,0,0,1,0,1,0,0,0,0,0,0,0,0,0,1,0,0,1,0,0,0,0,0,0,0,0,0,0,0,0,0,0,0,0,0,0,0,0,0,0
1,3,2,88.6,168.8,64.1,48.8,4,130,3.47,2.68,9.0,111,21,27,0.26231806562901944,0.014530711188278764,1,0,0,1,0,1,0,0,0,0,0,0,0,0,0,1,0,0,1,0,0,0,0,0,0,0,0,0,0,0,0,0,0,0,0,0,0,0,0,0,0
2,1,2,94.5,171.2,65.5,52.4,6,152,2.68,3.47,9.0,154,19,26,0.26231806562901944,0.513624571364411,1,0,0,1,0,0,0,0,0,1,0,0,0,0,0,1,0,0,1,0,0,0,0,0,0,0,0,0,0,0,0,0,0,0,0,0,0,0,0,0,0
3,2,4,99.8,176.6,66.2,54.3,4,109,3.19,3.4,10.0,102,24,30,0.785931514369987,0.4197698552559789,1,0,1,0,0,0,0,0,1,0,0,0,0,0,0,1,0,0,0,1,0,0,0,0,0,0,0,0,0,0,0,0,0,0,0,0,0,0,0,0,0
4,2,4,99.4,176.6,66.4,54.3,5,136,3.19,3.4,8.0,115,18,22,0.785931514369987,0.5155451360282389,1,0,0,0,1,0,0,0,1,0,0,0,0,0,0,1,0,0,0,1,0,0,0,0,0,0,0,0,0,0,0,0,0,0,0,0,0,0,0,0,0
5,2,2,99.8,177.3,66.3,53.1,5,136,3.19,3.4,8.5,110,19,25,0.785931514369987,0.09327386240522523,1,0,1,0,0,0,0,0,1,0,0,0,0,0,0,1,0,0,0,1,0,0,0,0,0,0,0,0,0,0,0,0,0,0,0,0,0,0,0,0,0
6,1,4,105.8,192.7,71.4,55.7,5,136,3.19,3.4,8.5,110,19,25,0.785931514369987,0.5539564293047982,1,0,1,0,0,0,0,0,1,0,0,0,0,0,0,1,0,0,0,1,0,0,0,0,0,0,0,0,0,0,0,0,0,0,0,0,0,0,0,0,0
7,1,4,105.8,192.7,71.4,55.7,5,136,3.19,3.4,8.5,110,19,25,0.785931514369987,0.765218542325874,1,0,1,0,0,0,0,0,1,0,0,0,0,0,0,1,0,0,0,1,0,0,0,0,0,0,0,0,0,0,0,0,0,0,0,0,0,0,0,0,0
8,1,4,105.8,192.7,71.4,55.9,5,131,3.13,3.4,8.3,140,17,20,0.785931514369987,1.0187330779511652,1,1,1,0,0,0,0,0,1,0,0,0,0,0,0,1,0,0,0,1,0,0,0,0,0,0,0,0,0,0,0,0,0,0,0,0,0,0,0,0,0
9,0,2,99.5,178.2,67.9,52.0,5,131,3.13,3.4,7.0,160,16,22,0.785931514369987,0.9553544440448424,1,1,0,0,1,0,0,0,1,0,0,0,0,0,0,1,0,0,0,1,0,0,0,0,0,0,0,0,0,0,0,0,0,0,0,0,0,0,0,0,0
10,2,2,101.2,176.8,64.8,54.3,4,108,3.5,2.8,8.8,101,23,29,1.414881262369391,0.3083771047539571,1,0,0,1,0,0,0,0,1,0,0,0,0,0,0,1,0,0,0,0,1,0,0,0,0,0,0,0,0,0,0,0,0,0,0,0,0,0,0,0,0
11,0,4,101.2,176.8,64.8,54.3,4,108,3.5,2.8,8.8,101,23,29,1.414881262369391,0.3083771047539571,1,0,0,1,0,0,0,0,1,0,0,0,0,0,0,1,0,0,0,0,1,0,0,0,0,0,0,0,0,0,0,0,0,0,0,0,0,0,0,0,0
12,0,2,101.2,176.8,64.8,54.3,6,164,3.31,3.19,9.0,121,21,28,1.8346924356275292,0.2966007643518512,1,0,0,1,0,0,0,0,1,0,0,0,0,0,0,1,0,0,0,0,1,0,0,0,0,0,0,0,0,0,0,0,0,0,0,0,0,0,0,0,0
13,0,4,101.2,176.8,64.8,54.3,6,164,3.31,3.19,9.0,121,21,28,1.8346924356275292,0.4022318208623891,1,0,0,1,0,0,0,0,1,0,0,0,0,0,0,1,0,0,0,0,1,0,0,0,0,0,0,0,0,0,0,0,0,0,0,0,0,0,0,0,0
14,1,4,103.5,189.0,66.9,55.7,6,164,3.31,3.19,9.0,121,20,25,1.8346924356275292,0.9591955733724983,1,0,0,1,0,0,0,0,1,0,0,0,0,0,0,1,0,0,0,0,1,0,0,0,0,0,0,0,0,0,0,0,0,0,0,0,0,0,0,0,0
15,0,4,103.5,189.0,66.9,55.7,6,209,3.62,3.39,8.0,182,16,22,0.5762815983701857,1.2952943895423918,1,0,0,1,0,0,0,0,1,0,0,0,0,0,0,1,0,0,0,0,1,0,0,0,0,0,0,0,0,0,0,0,0,0,0,0,0,0,0,0,0
16,0,2,103.5,193.8,67.9,53.7,6,209,3.62,3.39,8.0,182,16,22,0.5762815983701857,1.5833790891165862,1,0,0,1,0,0,0,0,1,0,0,0,0,0,0,1,0,0,0,0,1,0,0,0,0,0,0,0,0,0,0,0,0,0,0,0,0,0,0,0,0
17,0,4,110.0,197.0,70.9,56.3,6,209,3.62,3.39,8.0,182,15,20,0.5762815983701857,1.8234496720950815,1,0,0,1,0,0,0,0,1,0,0,0,0,0,0,1,0,0,0,0,1,0,0,0,0,0,0,0,0,0,0,0,0,0,0,0,0,0,0,0,0
18,2,2,88.4,141.1,60.3,53.2,3,61,2.91,3.03,9.5,48,47,53,0.05266814962921814,2.050329254845919,1,0,1,0,0,0,0,1,0,0,0,0,1,0,0,0,0,0,0,0,0,0,1,0,0,0,0,0,0,0,0,0,0,0,0,0,0,0,0,0,0
19,1,2,94.5,155.9,63.6,52.0,4,90,3.03,3.11,9.6,70,38,43,0.5762815983701857,1.3089912946083255,1,0,1,0,0,0,0,0,1,0,0,0,1,0,0,0,0,0,0,0,0,0,1,0,0,0,0,0,0,0,0,0,0,0,0,0,0,0,0,0,0
20,0,4,94.5,158.8,63.6,52.0,4,90,3.03,3.11,9.6,70,38,43,0.5762815983701857,1.241771531374347,1,0,1,0,0,0,0,0,1,0,0,0,1,0,0,0,0,0,0,0,0,0,1,0,0,0,0,0,0,0,0,0,0,0,0,0,0,0,0,0,0
21,1,2,93.7,157.3,63.8,50.8,4,90,2.97,3.23,9.41,68,37,41,0.785931514369987,1.3051501652806696,1,0,1,0,0,0,0,0,1,0,0,0,1,0,0,0,0,0,0,0,0,0,0,1,0,0,0,0,0,0,0,0,0,0,0,0,0,0,0,0,0
22,1,2,93.7,157.3,63.8,50.8,4,90,2.97,3.23,9.4,68,31,38,0.785931514369987,1.3051501652806696,1,0,1,0,0,0,0,0,1,0,0,0,1,0,0,0,0,0,0,0,0,0,0,1,0,0,0,0,0,0,0,0,0,0,0,0,0,0,0,0,0
23,1,2,93.7,157.3,63.8,50.8,4,98,3.03,3.39,7.6,102,24,30,0.785931514369987,0.8211678699960231,1,1,1,0,0,0,0,0,1,0,0,0,0,0,0,1,0,0,0,0,0,0,0,1,0,0,0,0,0,0,0,0,0,0,0,0,0,0,0,0,0
24,1,4,93.7,157.3,63.8,50.6,4,90,2.97,3.23,9.4,68,31,38,0.785931514369987,1.1303787808723251,1,0,1,0,0,0,0,0,1,0,0,0,1,0,0,0,0,0,0,0,0,0,0,1,0,0,0,0,0,0,0,0,0,0,0,0,0,0,0,0,0
25,1,4,93.7,157.3,63.8,50.6,4,90,2.97,3.23,9.4,68,31,38,0.785931514369987,1.08812635826811,1,0,1,0,0,0,0,0,1,0,0,0,1,0,0,0,0,0,0,0,0,0,0,1,0,0,0,0,0,0,0,0,0,0,0,0,0,0,0,0,0
26,1,4,93.7,157.3,63.8,50.6,4,90,2.97,3.23,9.4,68,31,38,0.785931514369987,1.08812635826811,1,0,1,0,0,0,0,0,1,0,0,0,1,0,0,0,0,0,0,0,0,0,0,1,0,0,0,0,0,0,0,0,0,0,0,0,0,0,0,0,0
27,1,2,93.7,157.3,63.8,50.6,4,98,3.03,3.39,7.6,102,24,30,0.785931514369987,0.7001722961748614,1,1,1,0,0,0,0,0,1,0,0,0,0,0,0,1,0,0,0,0,0,0,0,1,0,0,0,0,0,0,0,0,0,0,0,0,0,0,0,0,0
28,-1,4,103.3,174.6,64.6,59.8,4,122,3.34,3.46,8.5,88,24,30,0.26231806562901944,0.03949805181804228,1,0,1,0,0,0,0,0,1,0,0,0,1,0,0,0,0,0,0,0,0,0,0,1,0,0,0,0,0,0,0,0,0,0,0,0,0,0,0,0,0
29,3,2,95.9,173.2,66.3,50.2,4,156,3.6,3.9,7.0,145,19,24,0.26231806562901944,0.4905777953984754,1,1,1,0,0,0,0,0,1,0,0,0,0,0,0,0,0,0,0,0,0,0,0,1,0,0,0,0,0,0,0,0,0,0,0,0,0,0,0,0,0
30,2,2,86.6,144.6,63.9,50.8,4,92,2.91,3.41,9.6,58,49,54,0.681617897628622,1.6182022054846277,1,0,1,0,0,0,0,0,1,0,0,1,0,0,0,0,0,0,0,0,0,0,0,0,1,0,0,0,0,0,0,0,0,0,0,0,0,0,0,0,0
31,2,2,86.6,144.6,63.9,50.8,4,92,2.91,3.41,9.2,76,31,38,1.8341810943689933,1.4146223511188636,1,0,1,0,0,0,0,0,1,0,0,1,0,0,0,0,0,0,0,0,0,0,0,0,1,0,0,0,0,0,0,0,0,0,0,0,0,0,0,0,0
32,1,2,93.7,150.0,64.0,52.6,4,79,2.91,3.07,10.1,60,38,42,0.785931514369987,1.3800521871699603,1,0,1,0,0,0,0,0,1,0,0,1,0,0,0,0,0,0,0,0,0,0,0,0,1,0,0,0,0,0,0,0,0,0,0,0,0,0,0,0,0
33,1,2,93.7,150.0,64.0,52.6,4,92,2.91,3.41,9.2,76,30,34,1.8341810943689933,1.1822340267956801,1,0,1,0,0,0,0,0,1,0,0,1,0,0,0,0,0,0,0,0,0,0,0,0,1,0,0,0,0,0,0,0,0,0,0,0,0,0,0,0,0
34,1,2,93.7,150.0,64.0,52.6,4,92,2.91,3.41,9.2,76,30,34,1.8341810943689933,1.1515049921744327,1,0,1,0,0,0,0,0,1,0,0,1,0,0,0,0,0,0,0,0,0,0,0,0,1,0,0,0,0,0,0,0,0,0,0,0,0,0,0,0,0
35,0,4,96.5,163.4,64.0,54.5,4,92,2.91,3.41,9.2,76,30,34,1.8341810943689933,1.0477945003277227,1,0,1,0,0,0,0,0,1,0,0,1,0,0,0,0,0,0,0,0,0,0,0,0,1,0,0,0,0,0,0,0,0,0,0,0,0,0,0,0,0
36,0,4,96.5,157.1,63.9,58.3,4,92,2.92,3.41,9.2,76,30,34,1.8341810943689933,1.0209065950341312,1,0,1,0,0,0,0,0,1,0,0,1,0,0,0,0,0,0,0,0,0,0,0,0,1,0,0,0,0,0,0,0,0,0,0,0,0,0,0,0,0
37,0,2,96.5,167.5,65.2,53.3,4,110,3.15,3.58,9.0,86,27,33,1.414881262369391,0.6137468863026031,1,0,1,0,0,0,0,0,1,0,0,1,0,0,0,0,0,0,0,0,0,0,0,0,1,0,0,0,0,0,0,0,0,0,0,0,0,0,0,0,0
38,0,2,96.5,167.5,65.2,53.3,4,110,3.15,3.58,9.0,86,27,33,1.414881262369391,0.5119569591197211,1,0,1,0,0,0,0,0,1,0,0,1,0,0,0,0,0,0,0,0,0,0,0,0,1,0,0,0,0,0,0,0,0,0,0,0,0,0,0,0,0
39,0,4,96.5,175.4,65.2,54.1,4,110,3.15,3.58,9.0,86,27,33,1.414881262369391,0.48314848916230163,1,0,1,0,0,0,0,0,1,0,0,1,0,0,0,0,0,0,0,0,0,0,0,0,1,0,0,0,0,0,0,0,0,0,0,0,0,0,0,0,0
40,0,4,96.5,175.4,62.5,54.1,4,110,3.15,3.58,9.0,86,27,33,1.414881262369391,0.3525500920220002,1,0,1,0,0,0,0,0,1,0,0,1,0,0,0,0,0,0,0,0,0,0,0,0,1,0,0,0,0,0,0,0,0,0,0,0,0,0,0,0,0
41,0,4,96.5,175.4,65.2,54.1,4,110,3.15,3.58,9.0,101,24,28,1.414881262369391,0.17393757828599968,1,0,1,0,0,0,0,0,1,0,0,0,0,0,0,1,0,0,0,0,0,0,0,0,1,0,0,0,0,0,0,0,0,0,0,0,0,0,0,0,0
42,1,2,96.5,169.1,66.0,51.0,4,110,3.15,3.58,9.1,100,25,31,0.785931514369987,0.5042747004644093,1,0,1,0,0,0,0,0,1,0,0,0,1,0,0,0,0,0,0,0,0,0,0,0,1,0,0,0,0,0,0,0,0,0,0,0,0,0,0,0,0
43,0,4,94.3,170.7,61.8,53.5,4,111,3.31,3.23,8.5,78,24,29,0.681617897628622,0.4197698552559789,1,0,0,1,0,0,0,0,1,0,0,0,1,0,0,0,0,0,0,0,0,0,0,0,0,1,0,0,0,0,0,0,0,0,0,0,0,0,0,0,0
44,1,2,94.5,155.9,63.6,52.0,4,90,3.03,3.11,9.6,70,38,43,0.5762815983701857,1.3089912946083255,1,0,1,0,0,0,0,0,1,0,0,0,1,0,0,0,0,0,0,0,0,0,0,0,0,1,0,0,0,0,0,0,0,0,0,0,0,0,0,0,0
45,0,4,94.5,155.9,63.6,52.0,4,90,3.03,3.11,9.6,70,38,43,0.5762815983701857,1.241771531374347,1,0,1,0,0,0,0,0,1,0,0,0,1,0,0,0,0,0,0,0,0,0,0,0,0,1,0,0,0,0,0,0,0,0,0,0,0,0,0,0,0
46,2,2,96.0,172.6,65.2,51.4,4,119,3.43,3.23,9.2,90,24,29,0.26231806562901944,0.34269431628372227,1,0,0,1,0,0,0,0,1,0,0,0,0,0,0,0,0,1,0,0,0,0,0,0,0,1,0,0,0,0,0,0,0,0,0,0,0,0,0,0,0
47,0,4,113.0,199.6,69.6,52.8,6,258,3.63,4.17,8.1,176,15,19,0.7864428556285227,2.9008864485025687,1,0,0,1,0,1,0,0,0,0,0,0,0,0,0,1,0,0,0,0,0,0,0,0,0,0,1,0,0,0,0,0,0,0,0,0,0,0,0,0,0
48,0,4,113.0,199.6,69.6,52.8,6,258,3.63,4.17,8.1,176,15,19,0.7864428556285227,2.9008864485025687,1,0,0,1,0,1,0,0,0,0,0,0,0,0,0,1,0,0,0,0,0,0,0,0,0,0,1,0,0,0,0,0,0,0,0,0,0,0,0,0,0
49,0,2,102.0,191.7,70.6,47.8,12,326,3.54,2.76,11.5,262,13,17,0.26231806562901944,2.6781009474985247,1,0,0,1,0,0,0,0,0,1,0,0,0,0,0,1,0,0,0,0,0,0,0,0,0,0,1,0,0,0,0,0,0,0,0,0,0,0,0,0,0
50,1,2,93.1,159.1,64.2,54.1,4,91,3.03,3.15,9.0,68,30,31,0.26231806562901944,1.278262259987078,1,0,1,0,0,0,0,0,1,0,0,0,1,0,0,0,0,0,0,0,0,0,0,0,0,0,0,1,0,0,0,0,0,0,0,0,0,0,0,0,0
51,1,2,93.1,159.1,64.2,54.1,4,91,3.03,3.15,9.0,68,31,38,0.26231806562901944,1.2590566133487986,1,0,1,0,0,0,0,0,1,0,0,0,1,0,0,0,0,0,0,0,0,0,0,0,0,0,0,1,0,0,0,0,0,0,0,0,0,0,0,0,0
52,1,2,93.1,159.1,64.2,54.1,4,91,3.03,3.15,9.0,68,31,38,0.26231806562901944,1.2494537900296587,1,0,1,0,0,0,0,0,1,0,0,0,1,0,0,0,0,0,0,0,0,0,0,0,0,0,0,0,1,0,0,0,0,0,0,0,0,0,0,0,0
53,1,4,93.1,166.8,64.2,54.1,4,91,3.03,3.15,9.0,68,31,38,0.26231806562901944,1.1726312034765403,1,0,1,0,0,0,0,0,1,0,0,0,1,0,0,0,0,0,0,0,0,0,0,0,0,0,0,0,1,0,0,0,0,0,0,0,0,0,0,0,0
54,1,4,93.1,166.8,64.2,54.1,4,91,3.08,3.15,9.0,68,31,38,0.26231806562901944,1.1630283801574004,1,0,1,0,0,0,0,0,1,0,0,0,1,0,0,0,0,0,0,0,0,0,0,0,0,0,0,0,1,0,0,0,0,0,0,0,0,0,0,0,0
55,3,2,95.3,169.0,65.7,49.6,2,70,3.33,3.255,9.4,101,17,23,1.8341810943689933,0.3371855747113765,1,0,0,1,0,0,0,0,0,0,1,0,0,1,0,0,0,0,0,0,0,0,0,0,0,0,0,0,1,0,0,0,0,0,0,0,0,0,0,0,0
56,3,2,95.3,169.0,65.7,49.6,2,70,3.33,3.255,9.4,101,17,23,1.8341810943689933,0.3371855747113765,1,0,0,1,0,0,0,0,0,0,1,0,0,1,0,0,0,0,0,0,0,0,0,0,0,0,0,0,1,0,0,0,0,0,0,0,0,0,0,0,0
57,3,2,95.3,169.0,65.7,49.6,2,70,3.33,3.255,9.4,101,17,23,1.8341810943689933,0.3275827513922367,1,0,0,1,0,0,0,0,0,0,1,0,0,1,0,0,0,0,0,0,0,0,0,0,0,0,0,0,1,0,0,0,0,0,0,0,0,0,0,0,0
58,3,2,95.3,169.0,65.7,49.6,2,80,3.33,3.255,9.4,135,16,23,1.8341810943689933,0.10671781505202096,1,0,0,1,0,0,0,0,0,0,1,0,0,0,0,1,0,0,0,0,0,0,0,0,0,0,0,0,1,0,0,0,0,0,0,0,0,0,0,0,0
59,1,2,98.8,177.8,66.5,53.7,4,122,3.39,3.39,8.6,84,26,32,0.681617897628622,0.3275827513922367,1,0,1,0,0,0,0,0,1,0,0,0,1,0,0,0,0,0,0,0,0,0,0,0,0,0,0,0,1,0,0,0,0,0,0,0,0,0,0,0,0
60,0,4,98.8,177.8,66.5,55.5,4,122,3.39,3.39,8.6,84,26,32,0.681617897628622,0.2795686347965376,1,0,1,0,0,0,0,0,1,0,0,0,1,0,0,0,0,0,0,0,0,0,0,0,0,0,0,0,1,0,0,0,0,0,0,0,0,0,0,0,0
61,1,2,98.8,177.8,66.5,53.7,4,122,3.39,3.39,8.6,84,26,32,0.681617897628622,0.3275827513922367,1,0,1,0,0,0,0,0,1,0,0,0,1,0,0,0,0,0,0,0,0,0,0,0,0,0,0,0,1,0,0,0,0,0,0,0,0,0,0,0,0
62,0,4,98.8,177.8,66.5,55.5,4,122,3.39,3.39,8.6,84,26,32,0.681617897628622,0.2795686347965376,1,0,1,0,0,0,0,0,1,0,0,0,1,0,0,0,0,0,0,0,0,0,0,0,0,0,0,0,1,0,0,0,0,0,0,0,0,0,0,0,0
63,0,4,98.8,177.8,66.5,55.5,4,122,3.39,3.39,22.7,64,36,42,0.9960927716283239,0.21619000089021484,0,0,1,0,0,0,0,0,1,0,0,0,0,0,1,0,0,0,0,0,0,0,0,0,0,0,0,0,1,0,0,0,0,0,0,0,0,0,0,0,0
64,0,4,98.8,177.8,66.5,55.5,4,122,3.39,3.39,8.6,84,26,32,0.681617897628622,0.25076016483911817,1,0,1,0,0,0,0,0,1,0,0,0,1,0,0,0,0,0,0,0,0,0,0,0,0,0,0,0,1,0,0,0,0,0,0,0,0,0,0,0,0
65,0,4,104.9,175.0,66.1,54.4,4,140,3.76,3.16,8.0,120,19,27,0.26231806562901944,0.21977817779873268,1,0,0,1,0,0,0,0,1,0,0,0,0,0,0,1,0,0,0,0,0,0,0,0,0,0,0,0,1,0,0,0,0,0,0,0,0,0,0,0,0
66,0,4,104.9,175.0,66.1,54.4,4,134,3.43,3.64,22.0,72,31,39,1.9395173936274297,0.27739511771357156,0,0,0,1,0,0,0,0,1,0,0,0,0,0,1,0,0,0,0,0,0,0,0,0,0,0,0,0,1,0,0,0,0,0,0,0,0,0,0,0,0
67,-1,4,110.0,190.9,70.3,56.5,5,183,3.58,3.64,21.5,123,22,25,1.6250425196277278,1.8426553187333612,0,1,0,1,0,0,0,0,1,0,0,0,0,0,1,0,0,0,0,0,0,1,0,0,0,0,0,0,0,0,0,0,0,0,0,0,0,0,0,0,0
68,-1,4,110.0,190.9,70.3,58.7,5,183,3.58,3.64,21.5,123,22,25,1.6250425196277278,2.2939880147329323,0,1,0,1,0,0,0,0,1,0,0,0,0,0,1,0,0,0,0,0,0,1,0,0,0,0,0,0,0,0,0,0,0,0,0,0,0,0,0,0,0
69,0,2,106.7,187.5,70.3,54.9,5,183,3.58,3.64,21.5,123,22,25,1.6250425196277278,1.804244025456802,0,1,0,1,0,0,0,0,1,0,0,0,0,0,1,0,0,0,0,0,0,1,0,0,0,0,0,0,0,0,0,0,0,0,0,0,0,0,0,0,0
70,-1,4,115.6,202.6,71.7,56.3,5,183,3.58,3.64,21.5,123,22,25,1.6250425196277278,2.332399308009492,0,1,0,1,0,0,0,0,1,0,0,0,0,0,1,0,0,0,0,0,0,1,0,0,0,0,0,0,0,0,0,0,0,0,0,0,0,0,0,0,0
71,-1,4,115.6,202.6,71.7,56.5,8,234,3.46,3.1,8.3,155,16,18,0.7864428556285227,2.2747823680946526,1,0,0,1,0,0,0,0,0,1,0,0,0,0,0,1,0,0,0,0,0,1,0,0,0,0,0,0,0,0,0,0,0,0,0,0,0,0,0,0,0
72,3,2,96.6,180.3,70.5,50.8,8,234,3.46,3.1,8.3,155,16,18,0.7864428556285227,2.169151311584115,1,0,0,1,0,0,0,0,0,1,0,0,0,0,0,1,0,0,0,0,0,1,0,0,0,0,0,0,0,0,0,0,0,0,0,0,0,0,0,0,0
73,0,4,120.9,208.1,71.7,56.7,8,308,3.8,3.35,8.0,184,14,16,1.3105676456280257,2.582072714307127,1,0,0,1,0,0,0,0,0,1,0,0,0,0,0,1,0,0,0,0,0,1,0,0,0,0,0,0,0,0,0,0,0,0,0,0,0,0,0,0,0
74,1,2,112.0,199.2,72.0,55.4,8,304,3.8,3.35,8.0,184,14,16,1.3105676456280257,2.2267682514989535,1,0,0,1,0,0,0,0,0,1,0,0,0,0,0,1,0,0,0,0,0,1,0,0,0,0,0,0,0,0,0,0,0,0,0,0,0,0,0,0,0
75,1,2,102.7,178.4,68.0,54.8,4,140,3.78,3.12,8.0,175,19,24,0.26231806562901944,0.6807136971174437,1,1,0,1,0,0,0,0,1,0,0,0,0,0,0,1,0,0,0,0,0,0,0,0,0,0,0,0,0,1,0,0,0,0,0,0,0,0,0,0,0
76,2,2,93.7,157.3,64.4,50.8,4,92,2.97,3.23,9.4,68,37,41,0.785931514369987,1.2244864493998953,1,0,1,0,0,0,0,0,1,0,0,0,1,0,0,0,0,0,0,0,0,0,0,0,0,0,0,0,0,0,1,0,0,0,0,0,0,0,0,0,0
77,2,2,93.7,157.3,64.4,50.8,4,92,2.97,3.23,9.4,68,31,38,0.785931514369987,1.174551768140368,1,0,1,0,0,0,0,0,1,0,0,0,1,0,0,0,0,0,0,0,0,0,0,0,0,0,0,0,0,0,1,0,0,0,0,0,0,0,0,0,0
78,2,2,93.7,157.3,64.4,50.8,4,92,2.97,3.23,9.4,68,31,38,0.785931514369987,1.0593178883106904,1,0,1,0,0,0,0,0,1,0,0,0,1,0,0,0,0,0,0,0,0,0,0,0,0,0,0,0,0,0,1,0,0,0,0,0,0,0,0,0,0
79,1,2,93.0,157.3,63.8,50.8,4,98,3.03,3.39,7.6,102,24,30,0.785931514369987,0.7885182707109477,1,1,1,0,0,0,0,0,1,0,0,0,0,0,0,0,1,0,0,0,0,0,0,0,0,0,0,0,0,0,1,0,0,0,0,0,0,0,0,0,0
80,3,2,96.3,173.0,65.4,49.4,4,110,3.17,3.46,7.5,116,23,30,0.785931514369987,0.3563912213496561,1,1,1,0,0,0,0,0,1,0,0,0,0,0,0,0,1,0,0,0,0,0,0,0,0,0,0,0,0,0,1,0,0,0,0,0,0,0,0,0,0
81,3,2,96.3,173.0,65.4,49.4,4,122,3.35,3.46,8.5,88,25,32,0.26231806562901944,0.43705493723043054,1,0,1,0,0,0,0,0,1,0,0,0,1,0,0,0,0,0,0,0,0,0,0,0,0,0,0,0,0,0,1,0,0,0,0,0,0,0,0,0,0
82,3,2,95.9,173.2,66.3,50.2,4,156,3.58,3.86,7.0,145,19,24,0.26231806562901944,0.5328302180026906,1,1,1,0,0,0,0,0,1,0,0,0,0,0,0,0,1,0,0,0,0,0,0,0,0,0,0,0,0,0,1,0,0,0,0,0,0,0,0,0,0
83,3,2,95.9,173.2,66.3,50.2,4,156,3.59,3.86,7.0,145,19,24,0.26231806562901944,0.7018399084195514,1,1,1,0,0,0,0,0,1,0,0,0,0,0,0,0,1,0,0,0,0,0,0,0,0,0,0,0,0,0,1,0,0,0,0,0,0,0,0,0,0
84,3,2,95.9,173.2,66.3,50.2,4,156,3.59,3.86,7.0,145,19,24,0.26231806562901944,0.7114427317386911,1,1,1,0,0,0,0,0,1,0,0,0,0,0,0,0,1,0,0,0,0,0,0,0,0,0,0,0,0,0,1,0,0,0,0,0,0,0,0,0,0
85,1,4,96.3,172.4,65.4,51.6,4,122,3.35,3.46,8.5,88,25,32,0.26231806562901944,0.3659940446687959,1,0,1,0,0,0,0,0,1,0,0,0,1,0,0,0,0,0,0,0,0,0,0,0,0,0,0,0,0,0,1,0,0,0,0,0,0,0,0,0,0
86,1,4,96.3,172.4,65.4,51.6,4,122,3.35,3.46,8.5,88,25,32,0.26231806562901944,0.2891714581156774,1,0,1,0,0,0,0,0,1,0,0,0,1,0,0,0,0,0,0,0,0,0,0,0,0,0,0,0,0,0,1,0,0,0,0,0,0,0,0,0,0
87,1,4,96.3,172.4,65.4,51.6,4,110,3.17,3.46,7.5,116,23,30,0.785931514369987,0.29301258744333336,1,1,1,0,0,0,0,0,1,0,0,0,0,0,0,0,1,0,0,0,0,0,0,0,0,0,0,0,0,0,1,0,0,0,0,0,0,0,0,0,0
88,-1,4,96.3,172.4,65.4,51.6,4,110,3.17,3.46,7.5,116,23,30,0.785931514369987,0.29301258744333336,1,0,1,0,0,0,0,0,1,0,0,0,0,0,0,0,1,0,0,0,0,0,0,0,0,0,0,0,0,0,1,0,0,0,0,0,0,0,0,0,0
89,1,2,94.5,165.3,63.8,54.5,4,97,3.15,3.29,9.4,69,31,37,0.15698176637058314,1.2801828246509062,1,0,1,0,0,0,0,0,1,0,0,0,1,0,0,0,0,0,0,0,0,0,0,0,0,0,0,0,0,0,0,1,0,0,0,0,0,0,0,0,0
90,1,2,94.5,165.3,63.8,54.5,4,103,2.99,3.47,21.9,55,45,50,0.681617897628622,1.034350547680927,0,0,1,0,0,0,0,0,1,0,0,0,0,0,1,0,0,0,0,0,0,0,0,0,0,0,0,0,0,0,0,1,0,0,0,0,0,0,0,0,0
91,1,2,94.5,165.3,63.8,54.5,4,97,3.15,3.29,9.4,69,31,37,0.15698176637058314,1.2244864493998953,1,0,1,0,0,0,0,0,1,0,0,0,1,0,0,0,0,0,0,0,0,0,0,0,0,0,0,0,0,0,0,1,0,0,0,0,0,0,0,0,0
92,1,4,94.5,165.3,63.8,54.5,4,97,3.15,3.29,9.4,69,31,37,0.15698176637058314,1.186075156123336,1,0,1,0,0,0,0,0,1,0,0,0,1,0,0,0,0,0,0,0,0,0,0,0,0,0,0,0,0,0,0,1,0,0,0,0,0,0,0,0,0
93,1,4,94.5,170.2,63.8,53.5,4,97,3.15,3.29,9.4,69,31,37,0.15698176637058314,1.0209065950341312,1,0,1,0,0,0,0,0,1,0,0,0,1,0,0,0,0,0,0,0,0,0,0,0,0,0,0,0,0,0,0,1,0,0,0,0,0,0,0,0,0
94,1,2,94.5,165.3,63.8,54.5,4,97,3.15,3.29,9.4,69,31,37,0.15698176637058314,1.1611078154935726,1,0,1,0,0,0,0,0,1,0,0,0,1,0,0,0,0,0,0,0,0,0,0,0,0,0,0,0,0,0,0,1,0,0,0,0,0,0,0,0,0
95,1,2,94.5,165.6,63.8,53.3,4,97,3.15,3.29,9.4,69,31,37,0.15698176637058314,1.0132243363788194,1,0,1,0,0,0,0,0,1,0,0,0,1,0,0,0,0,0,0,0,0,0,0,0,0,0,0,0,0,0,0,1,0,0,0,0,0,0,0,0,0
96,1,4,94.5,165.3,63.8,54.5,4,97,3.15,3.29,9.4,69,31,37,0.15698176637058314,1.1226965222170133,1,0,1,0,0,0,0,0,1,0,0,0,1,0,0,0,0,0,0,0,0,0,0,0,0,0,0,0,0,0,0,1,0,0,0,0,0,0,0,0,0
97,1,4,94.5,170.2,63.8,53.5,4,97,3.15,3.29,9.4,69,31,37,0.15698176637058314,0.9959392544043677,1,0,1,0,0,0,0,0,1,0,0,0,1,0,0,0,0,0,0,0,0,0,0,0,0,0,0,0,0,0,0,1,0,0,0,0,0,0,0,0,0
98,2,2,95.1,162.4,63.8,53.3,4,97,3.15,3.29,9.4,69,31,37,0.15698176637058314,1.0516356296553786,1,0,1,0,0,0,0,0,1,0,0,0,1,0,0,0,0,0,0,0,0,0,0,0,0,0,0,0,0,0,0,1,0,0,0,0,0,0,0,0,0
99,0,4,97.2,173.4,65.2,54.7,4,120,3.33,3.47,8.5,97,27,34,0.15698176637058314,0.4447371958857424,1,0,1,0,0,0,0,0,1,0,0,0,1,0,0,0,0,0,0,0,0,0,0,0,0,0,0,0,0,0,0,1,0,0,0,0,0,0,0,0,0
100,0,4,97.2,173.4,65.2,54.7,4,120,3.33,3.47,8.5,97,27,34,0.15698176637058314,0.4869896184899576,1,0,1,0,0,0,0,0,1,0,0,0,1,0,0,0,0,0,0,0,0,0,0,0,0,0,0,0,0,0,0,1,0,0,0,0,0,0,0,0,0
101,0,4,100.4,181.7,66.5,55.1,6,181,3.43,3.27,9.0,152,17,22,0.15698176637058314,1.0360181599256169,1,0,1,0,0,0,0,0,0,1,0,0,0,0,0,1,0,0,0,0,0,0,0,0,0,0,0,0,0,0,0,1,0,0,0,0,0,0,0,0,0
102,0,4,100.4,184.6,66.5,56.1,6,181,3.43,3.27,9.0,152,17,22,0.15698176637058314,1.4220516573550372,1,0,1,0,0,0,0,0,0,1,0,0,0,0,0,1,0,0,0,0,0,0,0,0,0,0,0,0,0,0,0,1,0,0,0,0,0,0,0,0,0
103,0,4,100.4,184.6,66.5,55.1,6,181,3.43,3.27,9.0,152,19,25,0.15698176637058314,0.9687983966916381,1,0,1,0,0,0,0,0,0,1,0,0,0,0,0,1,0,0,0,0,0,0,0,0,0,0,0,0,0,0,0,1,0,0,0,0,0,0,0,0,0
104,3,2,91.3,170.7,67.9,49.7,6,181,3.43,3.27,9.0,160,19,25,0.15698176637058314,0.9899246079937457,1,0,0,1,0,0,0,0,0,1,0,0,0,0,0,1,0,0,0,0,0,0,0,0,0,0,0,0,0,0,0,1,0,0,0,0,0,0,0,0,0
105,3,2,91.3,170.7,67.9,49.7,6,181,3.43,3.27,7.8,200,17,23,0.15698176637058314,1.1205230051340471,1,1,0,1,0,0,0,0,0,1,0,0,0,0,0,1,0,0,0,0,0,0,0,0,0,0,0,0,0,0,0,1,0,0,0,0,0,0,0,0,0
106,1,2,99.2,178.5,67.9,49.7,6,181,3.43,3.27,9.0,160,19,25,0.15698176637058314,1.1205230051340471,1,0,0,1,0,0,0,0,0,1,0,0,0,0,0,1,0,0,0,0,0,0,0,0,0,0,0,0,0,0,0,1,0,0,0,0,0,0,0,0,0
107,0,4,107.9,186.7,68.4,56.7,4,120,3.46,3.19,8.4,97,19,24,0.26231806562901944,0.8919758101385196,1,0,0,1,0,0,0,1,0,0,0,0,0,0,0,1,0,0,0,0,0,0,0,0,0,0,0,0,0,0,0,0,1,0,0,0,0,0,0,0,0
108,0,4,107.9,186.7,68.4,56.7,4,152,3.7,3.52,21.0,95,28,33,2.0443423516273302,1.231915755636069,0,1,0,1,0,0,0,1,0,0,0,0,0,0,1,0,0,0,0,0,0,0,0,0,0,0,0,0,0,0,0,0,1,0,0,0,0,0,0,0,0
109,0,4,114.2,198.9,68.4,58.7,4,120,3.46,3.19,8.4,97,19,24,0.26231806562901944,1.2952943895423918,1,0,0,1,0,0,0,1,0,0,0,0,0,0,0,1,0,0,0,0,0,0,0,0,0,0,0,0,0,0,0,0,1,0,0,0,0,0,0,0,0
110,0,4,114.2,198.9,68.4,58.7,4,152,3.7,3.52,21.0,95,25,25,2.0443423516273302,1.6794073223079844,0,1,0,1,0,0,0,1,0,0,0,0,0,0,1,0,0,0,0,0,0,0,0,0,0,0,0,0,0,0,0,0,1,0,0,0,0,0,0,0,0
111,0,4,107.9,186.7,68.4,56.7,4,120,3.46,2.19,8.4,95,19,24,0.26231806562901944,0.9976068666490575,1,0,0,1,0,0,0,1,0,0,0,0,0,0,0,1,0,0,0,0,0,0,0,0,0,0,0,0,0,0,0,0,1,0,0,0,0,0,0,0,0
112,0,4,107.9,186.7,68.4,56.7,4,152,3.7,3.52,21.0,95,28,33,2.0443423516273302,1.337546812146607,0,1,0,1,0,0,0,1,0,0,0,0,0,0,1,0,0,0,0,0,0,0,0,0,0,0,0,0,0,0,0,0,1,0,0,0,0,0,0,0,0
113,0,4,114.2,198.9,68.4,56.7,4,120,3.46,2.19,8.4,95,19,24,0.26231806562901944,1.4009254460529297,1,0,0,1,0,0,0,1,0,0,0,0,0,0,0,1,0,0,0,0,0,0,0,0,0,0,0,0,0,0,0,0,1,0,0,0,0,0,0,0,0
114,0,4,114.2,198.9,68.4,58.7,4,152,3.7,3.52,21.0,95,25,25,2.0443423516273302,1.7850383788185222,0,1,0,1,0,0,0,1,0,0,0,0,0,0,1,0,0,0,0,0,0,0,0,0,0,0,0,0,0,0,0,0,1,0,0,0,0,0,0,0,0
115,0,4,107.9,186.7,68.4,56.7,4,120,3.46,3.19,8.4,97,19,24,0.26231806562901944,0.9976068666490575,1,0,0,1,0,0,0,1,0,0,0,0,0,0,0,1,0,0,0,0,0,0,0,0,0,0,0,0,0,0,0,0,1,0,0,0,0,0,0,0,0
116,0,4,107.9,186.7,68.4,56.7,4,152,3.7,3.52,21.0,95,28,33,2.0443423516273302,1.337546812146607,0,1,0,1,0,0,0,1,0,0,0,0,0,0,1,0,0,0,0,0,0,0,0,0,0,0,0,0,0,0,0,0,1,0,0,0,0,0,0,0,0
117,0,4,108.0,186.7,68.3,56.0,4,134,3.61,3.21,7.0,142,18,24,0.9955814303697883,1.1032379231595955,1,1,0,1,0,0,0,1,0,0,0,0,0,0,0,1,0,0,0,0,0,0,0,0,0,0,0,0,0,0,0,0,1,0,0,0,0,0,0,0,0
118,1,2,93.7,157.3,63.8,50.8,4,90,2.97,3.23,9.4,68,37,41,0.785931514369987,1.2244864493998953,1,0,1,0,0,0,0,0,1,0,0,0,1,0,0,0,0,0,0,0,0,0,0,0,0,0,0,0,0,0,0,0,0,1,0,0,0,0,0,0,0
119,1,2,93.7,157.3,63.8,50.8,4,98,3.03,3.39,7.6,102,24,30,0.785931514369987,0.8211678699960231,1,1,1,0,0,0,0,0,1,0,0,0,0,0,0,0,1,0,0,0,0,0,0,0,0,0,0,0,0,0,0,0,0,1,0,0,0,0,0,0,0
120,1,4,93.7,157.3,63.8,50.6,4,90,2.97,3.23,9.4,68,31,38,0.785931514369987,1.1303787808723251,1,0,1,0,0,0,0,0,1,0,0,0,1,0,0,0,0,0,0,0,0,0,0,0,0,0,0,0,0,0,0,0,0,1,0,0,0,0,0,0,0
121,1,4,93.7,167.3,63.8,50.8,4,90,2.97,3.23,9.4,68,31,38,0.785931514369987,1.08812635826811,1,0,1,0,0,0,0,0,1,0,0,0,1,0,0,0,0,0,0,0,0,0,0,0,0,0,0,0,0,0,0,0,0,1,0,0,0,0,0,0,0
122,1,4,93.7,167.3,63.8,50.8,4,98,2.97,3.23,9.4,68,31,38,0.785931514369987,0.7001722961748614,1,0,1,0,0,0,0,0,1,0,0,0,1,0,0,0,0,0,0,0,0,0,0,0,0,0,0,0,0,0,0,0,0,1,0,0,0,0,0,0,0
123,-1,4,103.3,174.6,64.6,59.8,4,122,3.35,3.46,8.5,88,24,30,0.26231806562901944,0.03949805181804228,1,0,1,0,0,0,0,0,1,0,0,0,1,0,0,0,0,0,0,0,0,0,0,0,0,0,0,0,0,0,0,0,0,1,0,0,0,0,0,0,0
124,3,2,95.9,173.2,66.3,50.2,4,156,3.59,3.86,7.0,145,19,24,0.26231806562901944,0.5040217480452711,1,1,0,1,0,0,0,0,1,0,0,0,0,0,0,0,1,0,0,0,0,0,0,0,0,0,0,0,0,0,0,0,0,1,0,0,0,0,0,0,0
125,3,2,94.5,168.9,68.3,50.2,4,151,3.94,3.11,9.5,143,19,27,0.785931514369987,0.42719916149215265,1,0,0,1,0,0,0,0,1,0,0,0,0,0,0,1,0,0,0,0,0,0,0,0,0,0,0,0,0,0,0,0,0,0,1,0,0,0,0,0,0
126,3,2,89.5,168.9,65.0,51.6,6,194,3.74,2.9,9.5,207,17,25,1.624531178369192,0.38494673888793746,1,0,0,1,0,0,0,0,0,0,0,0,0,0,0,1,0,0,0,0,0,0,0,0,0,0,0,0,0,0,0,0,0,0,1,0,0,0,0,0,0
127,3,2,89.5,168.9,65.0,51.6,6,194,3.74,2.9,9.5,207,17,25,1.624531178369192,0.38494673888793746,1,0,0,1,0,0,0,0,0,0,0,0,0,0,0,1,0,0,0,0,0,0,0,0,0,0,0,0,0,0,0,0,0,0,1,0,0,0,0,0,0
128,3,2,89.5,168.9,65.0,51.6,6,194,3.74,2.9,9.5,207,17,25,1.624531178369192,0.46945158409636784,1,0,0,1,0,0,0,0,0,0,0,0,0,0,0,1,0,0,0,0,0,0,0,0,0,0,0,0,0,0,0,0,0,0,1,0,0,0,0,0,0
129,1,2,98.4,175.7,72.3,50.5,8,203,3.94,3.11,10.0,288,17,28,1.3100563043694902,1.5564911838229947,1,0,0,1,0,0,1,0,0,0,0,0,0,0,0,1,0,0,0,0,0,0,0,0,0,0,0,0,0,0,0,0,0,0,1,0,0,0,0,0,0
130,0,4,96.1,181.5,66.5,55.2,4,132,3.46,3.9,8.7,90,23,31,0.05266814962921814,0.04500679339038808,1,0,1,0,0,0,0,0,1,0,0,0,0,0,0,1,0,0,0,0,0,0,0,0,0,0,0,0,0,0,0,0,0,0,0,1,0,0,0,0,0
131,2,2,96.1,176.8,66.6,50.5,4,132,3.46,3.9,8.7,90,23,31,0.05266814962921814,0.18354040160513949,1,0,1,0,0,0,0,0,1,0,0,0,0,0,0,1,0,0,0,0,0,0,0,0,0,0,0,0,0,0,0,0,0,0,0,1,0,0,0,0,0
132,3,2,99.1,186.6,66.5,56.1,4,121,3.54,3.07,9.31,110,21,28,0.2618067243704838,0.19673140183279714,1,0,1,0,0,0,0,0,1,0,0,0,0,0,0,1,0,0,0,0,0,0,0,0,0,0,0,0,0,0,0,0,0,0,0,0,1,0,0,0,0
133,2,4,99.1,186.6,66.5,56.1,4,121,3.54,3.07,9.3,110,21,28,0.2618067243704838,0.26779229439443175,1,0,1,0,0,0,0,0,1,0,0,0,0,0,0,1,0,0,0,0,0,0,0,0,0,0,0,0,0,0,0,0,0,0,0,0,1,0,0,0,0
134,3,2,99.1,186.6,66.5,56.1,4,121,2.54,2.07,9.3,110,21,28,0.2618067243704838,0.2908390703603673,1,0,1,0,0,0,0,0,1,0,0,0,0,0,0,1,0,0,0,0,0,0,0,0,0,0,0,0,0,0,0,0,0,0,0,0,1,0,0,0,0
135,2,4,99.1,186.6,66.5,56.1,4,121,3.54,3.07,9.3,110,21,28,0.2618067243704838,0.3887878682155934,1,0,1,0,0,0,0,0,1,0,0,0,0,0,0,1,0,0,0,0,0,0,0,0,0,0,0,0,0,0,0,0,0,0,0,0,1,0,0,0,0
136,3,2,99.1,186.6,66.5,56.1,4,121,3.54,3.07,9.0,160,19,26,0.785931514369987,0.48481610140699155,1,1,1,0,0,1,0,0,0,0,0,0,0,0,0,1,0,0,0,0,0,0,0,0,0,0,0,0,0,0,0,0,0,0,0,0,1,0,0,0,0
137,2,4,99.1,186.6,66.5,56.1,4,121,3.54,3.07,9.0,160,19,26,0.785931514369987,0.5597181232962821,1,1,1,0,0,1,0,0,0,0,0,0,0,0,0,1,0,0,0,0,0,0,0,0,0,0,0,0,0,0,0,0,0,0,0,0,1,0,0,0,0
138,2,2,93.7,156.9,63.4,53.7,4,97,3.62,2.36,9.0,69,31,36,0.4719679816288207,0.9709719137746041,1,0,1,0,0,0,0,0,0,0,0,0,1,0,0,0,0,0,0,0,0,0,0,0,0,0,0,0,0,0,0,0,0,0,0,0,0,1,0,0,0
139,2,2,93.7,157.9,63.6,53.7,4,108,3.62,2.64,8.7,73,26,31,1.520217561627827,0.8365323873066468,1,0,1,0,0,0,0,0,0,0,0,0,1,0,0,0,0,0,0,0,0,0,0,0,0,0,0,0,0,0,0,0,0,0,0,0,0,1,0,0,0
140,2,2,93.3,157.3,63.8,55.7,4,108,3.62,2.64,8.7,73,26,31,1.520217561627827,0.6060646276472913,1,0,0,0,1,0,0,0,0,0,0,0,1,0,0,0,0,0,0,0,0,0,0,0,0,0,0,0,0,0,0,0,0,0,0,0,0,1,0,0,0
141,0,4,97.2,172.0,65.4,52.5,4,108,3.62,2.64,9.5,82,32,37,0.681617897628622,0.7885182707109477,1,0,1,0,0,0,0,0,0,0,0,0,1,0,0,0,0,0,0,0,0,0,0,0,0,0,0,0,0,0,0,0,0,0,0,0,0,1,0,0,0
142,0,4,97.2,172.0,65.4,52.5,4,108,3.62,2.64,9.5,82,28,33,1.520217561627827,0.7020928608386894,1,0,1,0,0,0,0,0,0,0,0,0,1,0,0,0,0,0,0,0,0,0,0,0,0,0,0,0,0,0,0,0,0,0,0,0,0,1,0,0,0
143,0,4,97.2,172.0,65.4,52.5,4,108,3.62,2.64,9.0,94,26,32,0.15698176637058314,0.414008161264495,1,0,1,0,0,0,0,0,0,0,0,0,0,0,0,1,0,0,0,0,0,0,0,0,0,0,0,0,0,0,0,0,0,0,0,0,0,1,0,0,0
144,0,4,97.0,172.0,65.4,54.3,4,108,3.62,2.64,9.0,82,24,25,0.681617897628622,0.3275827513922367,1,0,0,0,1,0,0,0,0,0,0,0,1,0,0,0,0,0,0,0,0,0,0,0,0,0,0,0,0,0,0,0,0,0,0,0,0,1,0,0,0
145,0,4,97.0,172.0,65.4,54.3,4,108,3.62,2.64,7.7,111,24,29,0.681617897628622,0.08751216841374135,1,1,0,0,1,0,0,0,0,0,0,0,0,0,0,1,0,0,0,0,0,0,0,0,0,0,0,0,0,0,0,0,0,0,0,0,0,1,0,0,0
146,0,4,97.0,173.5,65.4,53.0,4,108,3.62,2.64,9.0,82,28,32,0.681617897628622,0.5100363944558931,1,0,1,0,0,0,0,0,0,0,0,0,1,0,0,0,0,0,0,0,0,0,0,0,0,0,0,0,0,0,0,0,0,0,0,0,0,1,0,0,0
147,0,4,97.0,173.5,65.4,53.0,4,108,3.62,2.64,9.0,94,25,31,0.15698176637058314,0.1931432249242793,1,0,1,0,0,0,0,0,0,0,0,0,0,0,0,1,0,0,0,0,0,0,0,0,0,0,0,0,0,0,0,0,0,0,0,0,0,1,0,0,0
148,0,4,96.9,173.6,65.4,54.9,4,108,3.62,2.64,9.0,82,23,29,0.681617897628622,0.260362988158258,1,0,0,0,1,0,0,0,0,0,0,0,1,0,0,0,0,0,0,0,0,0,0,0,0,0,0,0,0,0,0,0,0,0,0,0,0,1,0,0,0
149,0,4,96.9,173.6,65.4,54.9,4,108,3.62,2.64,7.7,111,23,23,0.681617897628622,0.18136688452217342,1,1,0,0,1,0,0,0,0,0,0,0,0,0,0,1,0,0,0,0,0,0,0,0,0,0,0,0,0,0,0,0,0,0,0,0,0,1,0,0,0
150,1,2,95.7,158.7,63.6,54.5,4,92,3.05,3.03,9.0,62,35,39,0.681617897628622,1.0958086169234218,1,0,1,0,0,0,0,0,1,0,0,0,1,0,0,0,0,0,0,0,0,0,0,0,0,0,0,0,0,0,0,0,0,0,0,0,0,0,1,0,0
151,1,2,95.7,158.7,63.6,54.5,4,92,3.05,3.03,9.0,62,31,38,0.681617897628622,0.9901775604128839,1,0,1,0,0,0,0,0,1,0,0,0,1,0,0,0,0,0,0,0,0,0,0,0,0,0,0,0,0,0,0,0,0,0,0,0,0,0,1,0,0
152,1,4,95.7,158.7,63.6,54.5,4,92,3.05,3.03,9.0,62,31,38,0.681617897628622,1.0381916770085828,1,0,1,0,0,0,0,0,1,0,0,0,1,0,0,0,0,0,0,0,0,0,0,0,0,0,0,0,0,0,0,0,0,0,0,0,0,0,1,0,0
153,0,4,95.7,169.7,63.6,59.1,4,92,3.05,3.03,9.0,62,31,37,0.681617897628622,0.5292420410941727,1,0,1,0,0,0,0,0,1,0,0,0,1,0,0,0,0,0,0,0,0,0,0,0,0,0,0,0,0,0,0,0,0,0,0,0,0,0,1,0,0
154,0,4,95.7,169.7,63.6,59.1,4,92,3.05,3.03,9.0,62,27,32,0.681617897628622,0.5100363944558931,1,0,0,0,1,0,0,0,1,0,0,0,1,0,0,0,0,0,0,0,0,0,0,0,0,0,0,0,0,0,0,0,0,0,0,0,0,0,1,0,0
155,0,4,95.7,169.7,63.6,59.1,4,92,3.05,3.03,9.0,62,27,32,0.681617897628622,1.0648266298830362,1,0,0,0,1,0,0,0,1,0,0,0,1,0,0,0,0,0,0,0,0,0,0,0,0,0,0,0,0,0,0,0,0,0,0,0,0,0,1,0,0
156,0,4,95.7,166.3,64.4,53.0,4,98,3.19,3.03,9.0,70,30,37,0.681617897628622,0.9114344091959373,1,0,1,0,0,0,0,0,1,0,0,0,1,0,0,0,0,0,0,0,0,0,0,0,0,0,0,0,0,0,0,0,0,0,0,0,0,0,1,0,0
157,0,4,95.7,166.3,64.4,52.8,4,98,3.19,3.03,9.0,70,30,37,0.681617897628622,0.8576585986087544,1,0,1,0,0,0,0,0,1,0,0,0,1,0,0,0,0,0,0,0,0,0,0,0,0,0,0,0,0,0,0,0,0,0,0,0,0,0,1,0,0
158,0,4,95.7,166.3,64.4,53.0,4,110,3.27,3.35,22.5,56,34,36,1.3105676456280257,0.5388448644133126,0,0,1,0,0,0,0,0,1,0,0,0,0,0,1,0,0,0,0,0,0,0,0,0,0,0,0,0,0,0,0,0,0,0,0,0,0,0,1,0,0
159,0,4,95.7,166.3,64.4,52.8,4,110,3.27,3.35,22.5,56,38,47,1.3105676456280257,0.5388448644133126,0,0,1,0,0,0,0,0,1,0,0,0,0,0,1,0,0,0,0,0,0,0,0,0,0,0,0,0,0,0,0,0,0,0,0,0,0,0,1,0,0
160,0,4,95.7,166.3,64.4,53.0,4,98,3.19,3.03,9.0,70,38,47,0.681617897628622,0.8864670685661739,1,0,1,0,0,0,0,0,1,0,0,0,1,0,0,0,0,0,0,0,0,0,0,0,0,0,0,0,0,0,0,0,0,0,0,0,0,0,1,0,0
161,0,4,95.7,166.3,64.4,52.8,4,98,3.19,3.03,9.0,70,28,34,0.681617897628622,0.8326912579789909,1,0,1,0,0,0,0,0,1,0,0,0,1,0,0,0,0,0,0,0,0,0,0,0,0,0,0,0,0,0,0,0,0,0,0,0,0,0,1,0,0
162,0,4,95.7,166.3,64.4,52.8,4,98,3.19,3.03,9.0,70,28,34,0.681617897628622,0.7981210940300876,1,0,1,0,0,0,0,0,1,0,0,0,1,0,0,0,0,0,0,0,0,0,0,0,0,0,0,0,0,0,0,0,0,0,0,0,0,0,1,0,0
163,1,2,94.5,168.7,64.0,52.6,4,98,3.19,3.03,9.0,70,29,34,0.681617897628622,0.7424247187790766,1,0,0,1,0,0,0,0,1,0,0,0,1,0,0,0,0,0,0,0,0,0,0,0,0,0,0,0,0,0,0,0,0,0,0,0,0,0,1,0,0
164,1,2,94.5,168.7,64.0,52.6,4,98,3.19,3.03,9.0,70,29,34,0.681617897628622,0.675204955545098,1,0,0,1,0,0,0,0,1,0,0,0,1,0,0,0,0,0,0,0,0,0,0,0,0,0,0,0,0,0,0,0,0,0,0,0,0,0,1,0,0
165,1,2,94.5,168.7,64.0,52.6,4,98,3.24,3.08,9.4,112,26,29,3.092080590367801,0.5580505110515922,1,0,0,1,0,1,0,0,0,0,0,0,0,0,0,1,0,0,0,0,0,0,0,0,0,0,0,0,0,0,0,0,0,0,0,0,0,0,1,0,0
166,1,2,94.5,168.7,64.0,52.6,4,98,3.24,3.08,9.4,112,26,29,3.092080590367801,0.4908307478176135,1,0,0,1,0,1,0,0,0,0,0,0,0,0,0,1,0,0,0,0,0,0,0,0,0,0,0,0,0,0,0,0,0,0,0,0,0,0,1,0,0
167,2,2,98.4,176.2,65.6,52.0,4,146,3.62,3.5,9.3,116,24,30,0.681617897628622,0.029895228498902464,1,0,0,1,0,0,0,0,1,0,0,0,0,0,0,1,0,0,0,0,0,0,0,0,0,0,0,0,0,0,0,0,0,0,0,0,0,0,1,0,0
168,2,2,98.4,176.2,65.6,52.0,4,146,3.62,3.5,9.3,116,24,30,0.681617897628622,0.037577487154214315,1,0,0,1,0,0,0,0,1,0,0,0,0,0,0,1,0,0,0,0,0,0,0,0,0,0,0,0,0,0,0,0,0,0,0,0,0,0,1,0,0
169,2,2,98.4,176.2,65.6,52.0,4,146,3.62,3.5,9.3,116,24,30,0.681617897628622,0.008769017196794876,1,0,0,1,0,0,0,0,1,0,0,0,0,0,0,1,0,0,0,0,0,0,0,0,0,0,0,0,0,0,0,0,0,0,0,0,0,0,1,0,0
170,2,2,98.4,176.2,65.6,52.0,4,146,3.62,3.5,9.3,116,24,30,0.681617897628622,0.23706325977318435,1,0,0,1,0,0,0,0,1,0,0,0,0,0,0,1,0,0,0,0,0,0,0,0,0,0,0,0,0,0,0,0,0,0,0,0,0,0,1,0,0
171,2,2,98.4,176.2,65.6,52.0,4,146,3.62,3.5,9.3,116,24,30,0.681617897628622,0.30428302300716303,1,0,0,1,0,0,0,0,1,0,0,0,0,0,0,1,0,0,0,0,0,0,0,0,0,0,0,0,0,0,0,0,0,0,0,0,0,0,1,0,0
172,2,2,98.4,176.2,65.6,53.0,4,146,3.62,3.5,9.3,116,24,30,0.681617897628622,0.8055504002662613,1,0,0,1,0,0,0,0,1,0,0,0,0,0,0,1,0,0,0,0,0,0,0,0,0,0,0,0,0,0,0,0,0,0,0,0,0,0,1,0,0
173,-1,4,102.4,175.6,66.5,54.9,4,122,3.31,3.54,8.7,92,29,34,1.9395173936274297,0.4408960665580865,1,0,1,0,0,0,0,0,1,0,0,0,0,0,0,1,0,0,0,0,0,0,0,0,0,0,0,0,0,0,0,0,0,0,0,0,0,0,1,0,0
174,-1,4,102.4,175.6,66.5,54.9,4,110,3.27,3.35,22.5,73,30,33,1.3105676456280257,0.14512910832858023,0,1,1,0,0,0,0,0,1,0,0,0,0,0,1,0,0,0,0,0,0,0,0,0,0,0,0,0,0,0,0,0,0,0,0,0,0,0,1,0,0
175,-1,4,102.4,175.6,66.5,53.9,4,122,3.31,3.54,8.7,92,27,32,1.9395173936274297,0.27188637614122574,1,0,1,0,0,0,0,0,1,0,0,0,0,0,0,1,0,0,0,0,0,0,0,0,0,0,0,0,0,0,0,0,0,0,0,0,0,0,1,0,0
176,-1,4,102.4,175.6,66.5,54.9,4,122,3.31,3.54,8.7,92,27,32,1.9395173936274297,0.27188637614122574,1,0,1,0,0,0,0,0,1,0,0,0,0,0,0,1,0,0,0,0,0,0,0,0,0,0,0,0,0,0,0,0,0,0,0,0,0,0,1,0,0
177,-1,4,102.4,175.6,66.5,53.9,4,122,3.31,3.54,8.7,92,27,32,1.9395173936274297,0.18738153093279541,1,0,1,0,0,0,0,0,1,0,0,0,0,0,0,1,0,0,0,0,0,0,0,0,0,0,0,0,0,0,0,0,0,0,0,0,0,0,1,0,0
178,3,2,102.9,183.5,67.7,52.0,6,171,3.27,3.35,9.3,161,20,24,0.15698176637058314,0.8074709649300893,1,0,0,1,0,1,0,0,0,0,0,0,0,0,0,1,0,0,0,0,0,0,0,0,0,0,0,0,0,0,0,0,0,0,0,0,0,0,1,0,0
179,3,2,102.9,183.5,67.7,52.0,6,171,3.27,3.35,9.3,161,19,24,0.15698176637058314,0.8842935514832078,1,0,0,1,0,1,0,0,0,0,0,0,0,0,0,1,0,0,0,0,0,0,0,0,0,0,0,0,0,0,0,0,0,0,0,0,0,0,1,0,0
180,-1,4,104.5,187.8,66.5,54.1,6,171,3.27,3.35,9.2,156,20,24,0.15698176637058314,1.1051584878234235,1,0,0,1,0,1,0,0,0,0,0,0,0,0,0,1,0,0,0,0,0,0,0,0,0,0,0,0,0,0,0,0,0,0,0,0,0,0,1,0,0
181,-1,4,104.5,187.8,66.5,54.1,6,161,3.27,3.35,9.2,156,19,24,0.15698176637058314,1.1435697810999828,1,0,0,1,0,1,0,0,0,0,0,0,0,0,0,1,0,0,0,0,0,0,0,0,0,0,0,0,0,0,0,0,0,0,0,0,0,0,1,0,0
182,2,2,97.3,171.7,65.5,55.7,4,97,3.01,3.4,23.0,52,37,46,0.681617897628622,0.565732769706904,0,0,1,0,0,0,0,0,1,0,0,0,0,0,1,0,0,0,0,0,0,0,0,0,0,0,0,0,0,0,0,0,0,0,0,0,0,0,0,1,0
183,2,2,97.3,171.7,65.5,55.7,4,109,3.19,3.4,9.0,85,27,34,0.2618067243704838,0.6656021322259581,1,0,1,0,0,0,0,0,1,0,0,0,0,0,0,1,0,0,0,0,0,0,0,0,0,0,0,0,0,0,0,0,0,0,0,0,0,0,0,1,0
184,2,4,97.3,171.7,65.5,55.7,4,97,3.01,3.4,23.0,52,37,46,0.681617897628622,0.5599710757154202,0,0,1,0,0,0,0,0,1,0,0,0,0,0,1,0,0,0,0,0,0,0,0,0,0,0,0,0,0,0,0,0,0,0,0,0,0,0,0,1,0
185,2,4,97.3,171.7,65.5,55.7,4,109,3.19,3.4,9.0,85,27,34,0.2618067243704838,0.6598404382344742,1,0,1,0,0,0,0,0,1,0,0,0,0,0,0,1,0,0,0,0,0,0,0,0,0,0,0,0,0,0,0,0,0,0,0,0,0,0,0,1,0
186,2,4,97.3,171.7,65.5,55.7,4,109,3.19,3.4,9.0,85,27,34,0.2618067243704838,0.5388448644133126,1,0,1,0,0,0,0,0,1,0,0,0,0,0,0,1,0,0,0,0,0,0,0,0,0,0,0,0,0,0,0,0,0,0,0,0,0,0,0,1,0
187,2,4,97.3,171.7,65.5,55.7,4,97,3.01,3.4,23.0,68,37,42,1.3105676456280257,0.4543400192048822,0,1,1,0,0,0,0,0,1,0,0,0,0,0,1,0,0,0,0,0,0,0,0,0,0,0,0,0,0,0,0,0,0,0,0,0,0,0,0,1,0
188,2,4,97.3,171.7,65.5,55.7,4,109,3.19,3.4,10.0,100,26,32,0.785931514369987,0.4908307478176135,1,0,1,0,0,0,0,0,1,0,0,0,0,0,0,1,0,0,0,0,0,0,0,0,0,0,0,0,0,0,0,0,0,0,0,0,0,0,0,1,0
189,3,2,94.5,159.3,64.2,55.6,4,109,3.19,3.4,8.5,90,24,29,0.785931514369987,0.5791767223536998,1,0,1,0,0,0,0,0,1,0,0,0,0,0,0,1,0,0,0,0,0,0,0,0,0,0,0,0,0,0,0,0,0,0,0,0,0,0,0,1,0
190,3,2,94.5,165.7,64.0,51.4,4,109,3.19,3.4,8.5,90,24,29,0.785931514369987,0.6425553562600226,1,0,1,0,0,0,0,0,1,0,0,0,0,0,0,1,0,0,0,0,0,0,0,0,0,0,0,0,0,0,0,0,0,0,0,0,0,0,0,1,0
191,0,4,100.4,180.2,66.9,55.1,5,136,3.19,3.4,8.5,110,19,24,0.785931514369987,0.20249309582428102,1,0,1,0,0,0,0,0,1,0,0,0,0,0,0,1,0,0,0,0,0,0,0,0,0,0,0,0,0,0,0,0,0,0,0,0,0,0,0,1,0
192,0,4,100.4,180.2,66.9,55.1,4,97,3.01,3.4,23.0,68,33,38,1.3105676456280257,0.04500679339038808,0,1,1,0,0,0,0,0,1,0,0,0,0,0,1,0,0,0,0,0,0,0,0,0,0,0,0,0,0,0,0,0,0,0,0,0,0,0,0,1,0
193,0,4,100.4,183.1,66.9,55.1,4,109,3.19,3.4,9.0,88,25,31,0.785931514369987,0.014277758769140676,1,0,1,0,0,0,0,0,1,0,0,0,0,0,0,1,0,0,0,0,0,0,0,0,0,0,0,0,0,0,0,0,0,0,0,0,0,0,0,1,0
194,-2,4,104.3,188.8,67.2,56.2,4,141,3.78,3.15,9.5,114,23,28,0.5762815983701857,0.6845548264450997,1,0,0,1,0,0,0,0,1,0,0,0,0,0,0,1,0,0,0,0,0,0,0,0,0,0,0,0,0,0,0,0,0,0,0,0,0,0,0,0,1
195,-1,4,104.3,188.8,67.2,57.5,4,141,3.78,3.15,9.5,114,23,28,0.5762815983701857,0.9188637154321111,1,0,0,1,0,0,0,0,1,0,0,0,0,0,0,1,0,0,0,0,0,0,0,0,0,0,0,0,0,0,0,0,0,0,0,0,0,0,0,0,1
196,-2,4,104.3,188.8,67.2,56.2,4,141,3.78,3.15,9.5,114,24,28,0.5762815983701857,0.7287278137131428,1,0,0,1,0,0,0,0,1,0,0,0,0,0,0,1,0,0,0,0,0,0,0,0,0,0,0,0,0,0,0,0,0,0,0,0,0,0,0,0,1
197,-1,4,104.3,188.8,67.2,57.5,4,141,3.78,3.15,9.5,114,24,28,0.5762815983701857,0.9342282327427348,1,0,0,1,0,0,0,0,1,0,0,0,0,0,0,1,0,0,0,0,0,0,0,0,0,0,0,0,0,0,0,0,0,0,0,0,0,0,0,0,1
198,-2,4,104.3,188.8,67.2,56.2,4,130,3.62,3.15,7.5,162,17,22,0.05266814962921814,0.9399899267342187,1,1,0,1,0,0,0,0,1,0,0,0,0,0,0,1,0,0,0,0,0,0,0,0,0,0,0,0,0,0,0,0,0,0,0,0,0,0,0,0,1
199,-1,4,104.3,188.8,67.2,57.5,4,130,3.62,3.15,7.5,162,17,22,0.05266814962921814,1.1550931690829505,1,1,0,1,0,0,0,0,1,0,0,0,0,0,0,1,0,0,0,0,0,0,0,0,0,0,0,0,0,0,0,0,0,0,0,0,0,0,0,0,1
200,-1,4,109.1,188.8,68.9,55.5,4,141,3.78,3.15,9.5,114,23,28,0.5762815983701857,0.7613774129982182,1,0,0,1,0,0,0,0,1,0,0,0,0,0,0,1,0,0,0,0,0,0,0,0,0,0,0,0,0,0,0,0,0,0,0,0,0,0,0,0,1
201,-1,4,109.1,188.8,68.8,55.5,4,141,3.78,3.15,8.7,160,19,25,0.3666316823703844,0.9476721853895306,1,1,0,1,0,0,0,0,1,0,0,0,0,0,0,1,0,0,0,0,0,0,0,0,0,0,0,0,0,0,0,0,0,0,0,0,0,0,0,0,1
202,-1,4,109.1,188.8,68.9,55.5,6,173,3.58,2.87,8.8,134,18,23,0.785931514369987,0.876611292827896,1,0,0,1,0,0,0,0,0,1,0,0,0,0,0,1,0,0,0,0,0,0,0,0,0,0,0,0,0,0,0,0,0,0,0,0,0,0,0,0,1
203,-1,4,109.1,188.8,68.9,55.5,6,145,3.01,3.4,23.0,106,26,27,0.681617897628622,1.2703270489126282,0,1,0,1,0,0,0,0,1,0,0,0,0,0,1,0,0,0,0,0,0,0,0,0,0,0,0,0,0,0,0,0,0,0,0,0,0,0,0,0,1
204,-1,4,109.1,188.8,68.9,55.5,4,141,3.78,3.15,9.5,114,19,25,0.5762815983701857,0.972639526019294,1,1,0,1,0,0,0,0,1,0,0,0,0,0,0,1,0,0,0,0,0,0,0,0,0,0,0,0,0,0,0,0,0,0,0,0,0,0,0,0,1
